comuna,Ica,fecha,id
comuna 10,42,2024-01-30,40034
comuna 6,91,2024-01-30,7271
comuna 9,68,2024-01-30,18613
comuna 6,81,2024-06-25,613
comuna 14,55,2024-01-30,17981
comuna 1,67,2024-07-31,36015
comuna 6,12,2024-06-23,34961
comuna 11,35,2024-01-30,10831
comuna 15,99,2024-07-31,20634
comuna 3,64,2024-06-25,37979
comuna 7,86,2024-01-30,9028
comuna 10,34,2024-06-25,11489
comuna 3,99,2024-01-30,5867
comuna 6,48,2024-06-25,12754
comuna 10,58,2024-01-30,32237
comuna 7,23,2024-06-25,18811
comuna 10,94,2024-06-23,23918
comuna 6,67,2024-06-23,15156
comuna 16,13,2024-06-25,44599
comuna 8,60,2024-06-25,29072
comuna 4,27,2024-01-30,34503
comuna 3,10,2024-06-23,6825
comuna 11,59,2024-06-23,30877
comuna 10,92,2024-07-31,6053
comuna 8,49,2024-07-31,28557
comuna 8,38,2024-06-25,9341
comuna 8,16,2024-06-23,5306
comuna 16,70,2024-06-23,18475
comuna 5,25,2024-06-25,43477
comuna 9,84,2024-01-30,15516
comuna 12,42,2024-06-25,29685
comuna 11,29,2024-06-25,31228
comuna 11,54,2024-06-25,33154
comuna 11,51,2024-07-31,20210
comuna 10,36,2024-01-30,23118
comuna 16,23,2024-01-30,33526
comuna 15,95,2024-06-23,29170
comuna 10,48,2024-06-23,30742
comuna 13,72,2024-06-25,13580
comuna 9,54,2024-07-31,46232
comuna 6,66,2024-06-25,44117
comuna 16,91,2024-06-23,26160
comuna 8,58,2024-07-31,1511
comuna 14,17,2024-01-30,28689
comuna 7,55,2024-01-30,3104
comuna 10,70,2024-06-25,12580
comuna 3,31,2024-06-23,29691
comuna 11,56,2024-06-25,47664
comuna 12,46,2024-06-25,43974
comuna 6,74,2024-07-31,18877
comuna 3,51,2024-06-25,29040
comuna 13,11,2024-06-23,31387
comuna 12,22,2024-06-23,26987
comuna 8,77,2024-06-25,31326
comuna 9,35,2024-06-23,42150
comuna 4,52,2024-07-31,24980
comuna 9,95,2024-06-25,5229
comuna 11,34,2024-06-25,41539
comuna 14,78,2024-06-23,798
comuna 16,48,2024-06-23,32111
comuna 13,51,2024-07-31,14725
comuna 13,64,2024-06-23,3921
comuna 6,77,2024-07-31,36733
comuna 10,18,2024-01-30,41559
comuna 10,29,2024-01-30,44593
comuna 10,55,2024-06-25,31421
comuna 13,42,2024-01-30,10231
comuna 4,89,2024-07-31,37338
comuna 14,77,2024-07-31,7332
comuna 1,44,2024-06-23,40795
comuna 14,13,2024-01-30,3958
comuna 1,40,2024-01-30,5305
comuna 5,65,2024-06-25,29027
comuna 15,67,2024-01-30,9676
comuna 8,27,2024-07-31,29347
comuna 13,28,2024-06-23,3582
comuna 11,48,2024-06-23,42643
comuna 13,34,2024-07-31,25540
comuna 6,44,2024-01-30,37377
comuna 8,15,2024-07-31,25497
comuna 6,85,2024-06-25,8976
comuna 16,19,2024-06-23,31982
comuna 10,38,2024-06-25,46098
comuna 10,26,2024-01-30,27258
comuna 8,69,2024-07-31,17832
comuna 13,85,2024-01-30,18256
comuna 10,84,2024-06-25,12602
comuna 6,22,2024-06-23,49018
comuna 4,29,2024-06-25,37186
comuna 10,25,2024-07-31,47611
comuna 14,49,2024-01-30,46822
comuna 8,99,2024-07-31,701
comuna 7,87,2024-07-31,14390
comuna 3,18,2024-06-23,25347
comuna 1,91,2024-07-31,12668
comuna 11,72,2024-06-23,12917
comuna 15,18,2024-01-30,14186
comuna 12,51,2024-06-25,39157
comuna 6,30,2024-06-23,42595
comuna 1,54,2024-01-30,26581
comuna 15,12,2024-06-25,7780
comuna 15,71,2024-06-23,33807
comuna 14,96,2024-07-31,13490
comuna 4,49,2024-01-30,7702
comuna 1,80,2024-06-23,25161
comuna 16,82,2024-07-31,21079
comuna 5,98,2024-06-23,47975
comuna 8,94,2024-07-31,14966
comuna 6,82,2024-06-25,1370
comuna 4,77,2024-06-23,25960
comuna 3,56,2024-07-31,7523
comuna 12,34,2024-06-25,29576
comuna 1,35,2024-06-25,26737
comuna 6,84,2024-06-25,23800
comuna 10,60,2024-06-23,38070
comuna 11,27,2024-06-25,4634
comuna 10,56,2024-07-31,9941
comuna 6,77,2024-07-31,26594
comuna 13,37,2024-07-31,28465
comuna 6,100,2024-07-31,23502
comuna 5,54,2024-07-31,39415
comuna 5,31,2024-07-31,32335
comuna 16,28,2024-06-25,44967
comuna 15,65,2024-07-31,37551
comuna 10,31,2024-06-25,7375
comuna 13,24,2024-07-31,3060
comuna 3,99,2024-06-25,12272
comuna 11,92,2024-06-23,6825
comuna 6,45,2024-06-25,12627
comuna 7,75,2024-07-31,32427
comuna 3,48,2024-06-25,37103
comuna 7,18,2024-01-30,14470
comuna 9,70,2024-07-31,11094
comuna 15,36,2024-07-31,31302
comuna 2,57,2024-07-31,42160
comuna 2,22,2024-06-25,40448
comuna 5,87,2024-07-31,11146
comuna 6,54,2024-06-23,19091
comuna 6,99,2024-07-31,28034
comuna 4,38,2024-06-25,19579
comuna 5,62,2024-06-25,10770
comuna 11,58,2024-06-23,8476
comuna 3,79,2024-06-25,477
comuna 10,23,2024-06-25,4793
comuna 1,26,2024-01-30,45755
comuna 16,58,2024-01-30,6371
comuna 13,36,2024-01-30,8639
comuna 1,40,2024-06-25,20329
comuna 5,80,2024-01-30,25360
comuna 15,12,2024-06-23,6496
comuna 3,63,2024-01-30,32152
comuna 8,45,2024-07-31,5740
comuna 6,27,2024-07-31,35226
comuna 6,90,2024-01-30,30875
comuna 15,77,2024-01-30,43121
comuna 13,43,2024-01-30,9266
comuna 10,56,2024-06-23,5500
comuna 11,96,2024-07-31,35726
comuna 14,50,2024-01-30,35887
comuna 11,69,2024-07-31,48878
comuna 12,10,2024-07-31,49238
comuna 7,24,2024-01-30,42173
comuna 8,38,2024-06-25,15977
comuna 16,74,2024-06-25,38659
comuna 3,40,2024-07-31,3560
comuna 8,80,2024-06-25,38266
comuna 7,75,2024-06-23,49732
comuna 10,81,2024-01-30,33847
comuna 6,63,2024-06-25,9467
comuna 8,64,2024-06-25,44604
comuna 5,21,2024-07-31,13020
comuna 10,72,2024-07-31,46698
comuna 7,47,2024-01-30,23813
comuna 9,16,2024-06-25,40621
comuna 15,69,2024-07-31,8509
comuna 4,67,2024-06-25,22838
comuna 14,73,2024-06-25,3873
comuna 10,63,2024-06-25,31865
comuna 13,28,2024-06-25,19651
comuna 14,17,2024-06-25,25633
comuna 16,73,2024-06-23,9721
comuna 1,66,2024-06-25,19076
comuna 7,36,2024-01-30,42616
comuna 14,64,2024-06-23,387
comuna 5,22,2024-06-23,19942
comuna 9,74,2024-06-25,14274
comuna 5,36,2024-07-31,26
comuna 1,65,2024-06-25,20711
comuna 5,99,2024-06-23,24692
comuna 14,21,2024-06-25,19616
comuna 2,95,2024-06-25,17222
comuna 15,83,2024-06-25,8527
comuna 4,21,2024-06-23,10074
comuna 16,56,2024-06-25,7852
comuna 10,80,2024-06-23,5783
comuna 6,13,2024-06-25,49355
comuna 14,32,2024-07-31,19168
comuna 8,93,2024-06-23,29695
comuna 4,33,2024-06-23,21371
comuna 4,71,2024-01-30,4605
comuna 16,80,2024-07-31,15041
comuna 2,32,2024-06-25,32716
comuna 4,11,2024-06-23,13938
comuna 4,33,2024-01-30,24907
comuna 14,83,2024-06-23,10937
comuna 13,58,2024-06-25,39671
comuna 3,35,2024-07-31,45186
comuna 12,75,2024-01-30,3905
comuna 13,38,2024-01-30,31667
comuna 1,52,2024-01-30,47627
comuna 3,51,2024-07-31,8154
comuna 16,47,2024-06-25,37710
comuna 7,17,2024-01-30,41825
comuna 14,45,2024-07-31,43684
comuna 15,57,2024-07-31,29351
comuna 2,67,2024-07-31,17617
comuna 1,70,2024-07-31,28420
comuna 16,25,2024-06-23,46828
comuna 11,74,2024-01-30,13132
comuna 11,96,2024-07-31,26285
comuna 4,21,2024-06-23,16318
comuna 3,48,2024-06-23,23662
comuna 9,47,2024-01-30,32534
comuna 10,82,2024-06-25,47185
comuna 2,74,2024-06-25,46562
comuna 8,96,2024-06-25,46602
comuna 9,13,2024-06-23,2087
comuna 14,67,2024-01-30,25765
comuna 10,73,2024-01-30,19689
comuna 9,28,2024-07-31,36191
comuna 1,84,2024-01-30,39296
comuna 2,49,2024-06-23,30607
comuna 16,30,2024-06-23,10411
comuna 13,63,2024-06-23,33421
comuna 14,79,2024-06-23,49053
comuna 16,91,2024-06-25,29470
comuna 4,23,2024-06-23,31821
comuna 2,68,2024-06-25,32697
comuna 14,28,2024-06-25,21452
comuna 15,57,2024-06-23,34252
comuna 3,27,2024-06-25,8526
comuna 6,35,2024-06-25,8781
comuna 14,14,2024-01-30,31281
comuna 16,64,2024-01-30,44744
comuna 7,95,2024-06-25,39818
comuna 13,69,2024-01-30,37321
comuna 13,57,2024-06-23,30743
comuna 12,16,2024-06-25,25034
comuna 15,50,2024-07-31,1365
comuna 5,76,2024-06-25,2158
comuna 11,94,2024-06-23,9037
comuna 9,89,2024-06-25,46307
comuna 4,61,2024-07-31,26849
comuna 13,46,2024-06-25,17277
comuna 16,48,2024-06-23,34042
comuna 5,47,2024-01-30,37924
comuna 15,71,2024-06-25,41979
comuna 12,16,2024-01-30,5832
comuna 4,19,2024-06-23,34208
comuna 12,80,2024-07-31,11108
comuna 12,100,2024-01-30,18601
comuna 13,41,2024-06-23,47328
comuna 12,12,2024-01-30,24274
comuna 11,75,2024-01-30,14830
comuna 12,80,2024-01-30,17563
comuna 13,96,2024-06-23,17122
comuna 3,91,2024-01-30,46725
comuna 5,52,2024-06-25,7296
comuna 5,45,2024-06-25,31329
comuna 10,16,2024-07-31,27931
comuna 16,70,2024-01-30,1871
comuna 10,56,2024-01-30,16277
comuna 9,21,2024-06-23,27280
comuna 15,29,2024-07-31,30774
comuna 12,27,2024-06-23,21057
comuna 4,78,2024-06-25,33144
comuna 16,38,2024-06-25,33667
comuna 9,15,2024-01-30,11503
comuna 7,17,2024-07-31,25972
comuna 14,15,2024-01-30,2769
comuna 4,54,2024-06-25,39729
comuna 5,32,2024-06-25,10435
comuna 5,81,2024-06-25,27512
comuna 12,56,2024-06-25,22201
comuna 7,64,2024-07-31,42669
comuna 4,36,2024-01-30,11006
comuna 12,88,2024-07-31,7755
comuna 15,19,2024-07-31,40547
comuna 10,99,2024-06-23,19000
comuna 13,82,2024-07-31,17496
comuna 13,14,2024-06-23,6747
comuna 6,58,2024-07-31,17750
comuna 9,89,2024-07-31,32327
comuna 10,66,2024-01-30,24276
comuna 13,15,2024-06-25,8960
comuna 16,77,2024-06-23,48769
comuna 11,60,2024-01-30,14098
comuna 13,14,2024-07-31,4504
comuna 4,10,2024-07-31,9893
comuna 11,79,2024-01-30,12660
comuna 15,23,2024-01-30,22845
comuna 8,79,2024-06-23,46328
comuna 2,55,2024-06-25,40561
comuna 9,49,2024-07-31,14843
comuna 15,91,2024-01-30,33722
comuna 3,64,2024-01-30,29744
comuna 13,21,2024-06-25,28926
comuna 13,10,2024-06-25,31354
comuna 13,79,2024-07-31,43661
comuna 4,33,2024-06-25,36759
comuna 2,76,2024-06-25,29952
comuna 2,27,2024-06-25,9078
comuna 4,51,2024-06-23,13734
comuna 9,100,2024-01-30,32079
comuna 1,94,2024-06-23,17944
comuna 5,59,2024-07-31,9510
comuna 16,35,2024-06-23,45251
comuna 13,51,2024-07-31,24617
comuna 7,12,2024-06-23,29033
comuna 5,22,2024-07-31,18619
comuna 13,63,2024-07-31,8002
comuna 4,34,2024-06-23,6636
comuna 3,12,2024-07-31,43691
comuna 16,47,2024-07-31,41191
comuna 1,69,2024-01-30,6098
comuna 16,44,2024-01-30,13782
comuna 6,42,2024-06-25,27703
comuna 5,70,2024-07-31,33406
comuna 5,96,2024-06-23,2200
comuna 14,42,2024-06-25,29998
comuna 11,57,2024-06-23,34277
comuna 13,57,2024-06-25,41850
comuna 13,94,2024-01-30,41814
comuna 8,21,2024-07-31,15040
comuna 16,82,2024-07-31,41609
comuna 15,44,2024-01-30,33220
comuna 10,65,2024-07-31,6712
comuna 8,51,2024-07-31,32476
comuna 8,80,2024-06-23,14458
comuna 11,61,2024-06-25,44700
comuna 5,81,2024-07-31,44742
comuna 7,30,2024-06-23,5635
comuna 3,46,2024-06-23,47548
comuna 14,65,2024-06-23,18019
comuna 4,14,2024-06-25,36916
comuna 1,18,2024-01-30,49539
comuna 16,12,2024-07-31,3410
comuna 2,85,2024-01-30,36832
comuna 4,87,2024-01-30,6239
comuna 3,24,2024-01-30,42586
comuna 16,56,2024-06-25,11801
comuna 14,10,2024-01-30,6245
comuna 11,83,2024-07-31,27772
comuna 11,59,2024-06-25,8268
comuna 7,32,2024-07-31,30751
comuna 16,99,2024-06-23,179
comuna 11,29,2024-06-25,41594
comuna 13,34,2024-01-30,1973
comuna 11,85,2024-06-23,17005
comuna 14,51,2024-06-23,3536
comuna 6,14,2024-06-25,31675
comuna 8,46,2024-01-30,20683
comuna 15,60,2024-01-30,20600
comuna 5,32,2024-06-23,23963
comuna 14,74,2024-06-23,34483
comuna 13,91,2024-06-23,29920
comuna 5,64,2024-06-23,3296
comuna 4,43,2024-06-23,37465
comuna 10,73,2024-06-23,40513
comuna 3,69,2024-07-31,31796
comuna 9,79,2024-01-30,1624
comuna 8,92,2024-01-30,9477
comuna 4,61,2024-07-31,23103
comuna 6,73,2024-06-23,47766
comuna 16,56,2024-01-30,45876
comuna 3,33,2024-06-23,41597
comuna 7,13,2024-07-31,45684
comuna 2,40,2024-07-31,20173
comuna 14,33,2024-06-25,2704
comuna 6,42,2024-01-30,6476
comuna 14,18,2024-07-31,21072
comuna 11,100,2024-01-30,20221
comuna 13,22,2024-01-30,28998
comuna 3,56,2024-01-30,6806
comuna 16,20,2024-01-30,16483
comuna 1,89,2024-06-23,36815
comuna 9,79,2024-06-25,8380
comuna 4,98,2024-06-23,4033
comuna 15,63,2024-06-25,46464
comuna 9,33,2024-01-30,23595
comuna 12,45,2024-07-31,28891
comuna 3,20,2024-06-25,3508
comuna 3,67,2024-06-25,38637
comuna 9,99,2024-06-25,27378
comuna 1,96,2024-01-30,18784
comuna 11,34,2024-06-25,3264
comuna 14,18,2024-01-30,14184
comuna 12,47,2024-07-31,39661
comuna 7,98,2024-06-23,35541
comuna 3,19,2024-07-31,20749
comuna 13,43,2024-06-25,32814
comuna 12,91,2024-07-31,34664
comuna 3,69,2024-07-31,14942
comuna 11,54,2024-07-31,1769
comuna 11,16,2024-06-25,17566
comuna 8,53,2024-01-30,23811
comuna 9,75,2024-06-23,28309
comuna 13,32,2024-06-25,7844
comuna 9,80,2024-06-25,36993
comuna 3,20,2024-06-25,11610
comuna 8,89,2024-07-31,49707
comuna 5,43,2024-06-25,44037
comuna 11,17,2024-06-25,1560
comuna 7,81,2024-06-25,6384
comuna 5,96,2024-06-25,37728
comuna 13,63,2024-01-30,18225
comuna 3,40,2024-07-31,41089
comuna 5,39,2024-06-25,19786
comuna 2,84,2024-07-31,4059
comuna 4,62,2024-06-25,40002
comuna 10,99,2024-07-31,15620
comuna 9,74,2024-01-30,32691
comuna 4,48,2024-07-31,32639
comuna 7,95,2024-07-31,3321
comuna 16,96,2024-01-30,4710
comuna 5,77,2024-07-31,15174
comuna 7,92,2024-01-30,949
comuna 5,31,2024-06-23,2038
comuna 9,29,2024-07-31,22975
comuna 12,94,2024-06-23,20520
comuna 8,49,2024-07-31,14531
comuna 11,17,2024-07-31,43212
comuna 15,25,2024-07-31,13065
comuna 3,61,2024-01-30,42472
comuna 7,10,2024-01-30,20256
comuna 15,71,2024-01-30,39288
comuna 3,67,2024-07-31,40970
comuna 10,85,2024-01-30,37643
comuna 2,11,2024-01-30,41459
comuna 12,32,2024-07-31,34348
comuna 5,37,2024-06-23,188
comuna 5,47,2024-06-23,29780
comuna 13,10,2024-07-31,19494
comuna 1,17,2024-01-30,33309
comuna 8,75,2024-06-23,19775
comuna 10,84,2024-01-30,13422
comuna 2,13,2024-06-25,37123
comuna 8,45,2024-06-25,45696
comuna 5,63,2024-06-25,4870
comuna 10,94,2024-01-30,14719
comuna 11,21,2024-06-23,43944
comuna 14,48,2024-01-30,47258
comuna 13,49,2024-07-31,1486
comuna 11,71,2024-01-30,38403
comuna 1,18,2024-06-23,13903
comuna 16,94,2024-01-30,10543
comuna 2,65,2024-06-23,44379
comuna 13,99,2024-06-23,37125
comuna 5,34,2024-07-31,27652
comuna 12,70,2024-07-31,21694
comuna 16,51,2024-01-30,2114
comuna 14,42,2024-06-25,19003
comuna 14,52,2024-06-23,23401
comuna 14,47,2024-01-30,30408
comuna 12,85,2024-06-23,22485
comuna 14,22,2024-06-25,12798
comuna 14,89,2024-06-25,9065
comuna 4,85,2024-07-31,48086
comuna 7,27,2024-01-30,10631
comuna 13,50,2024-06-23,46834
comuna 13,14,2024-06-23,15150
comuna 10,16,2024-01-30,1256
comuna 9,92,2024-07-31,9053
comuna 9,40,2024-07-31,30577
comuna 12,15,2024-06-23,236
comuna 7,14,2024-06-25,4748
comuna 4,79,2024-01-30,6115
comuna 15,16,2024-07-31,27890
comuna 16,81,2024-06-23,16187
comuna 3,83,2024-07-31,42537
comuna 5,62,2024-07-31,9527
comuna 14,26,2024-06-25,20320
comuna 10,31,2024-07-31,32504
comuna 12,53,2024-06-25,7496
comuna 8,51,2024-06-23,26369
comuna 1,30,2024-06-25,45100
comuna 2,11,2024-06-23,47456
comuna 15,56,2024-01-30,34256
comuna 6,12,2024-06-23,17383
comuna 12,62,2024-06-23,45290
comuna 8,79,2024-06-23,20747
comuna 11,83,2024-07-31,32139
comuna 5,42,2024-06-23,19470
comuna 14,46,2024-06-25,13087
comuna 6,20,2024-01-30,23644
comuna 16,41,2024-06-25,5613
comuna 16,42,2024-06-23,12212
comuna 4,92,2024-06-23,34569
comuna 15,45,2024-06-25,42783
comuna 14,79,2024-07-31,11117
comuna 12,11,2024-06-23,43633
comuna 11,49,2024-06-25,28693
comuna 9,85,2024-07-31,3785
comuna 14,18,2024-06-23,9249
comuna 6,26,2024-07-31,23330
comuna 1,28,2024-06-23,26478
comuna 9,20,2024-06-25,10170
comuna 14,71,2024-06-25,5457
comuna 6,97,2024-06-25,41364
comuna 10,52,2024-06-25,38794
comuna 6,70,2024-06-25,2617
comuna 4,22,2024-07-31,26810
comuna 15,38,2024-06-23,42512
comuna 12,40,2024-06-23,4440
comuna 6,40,2024-06-25,25159
comuna 5,80,2024-06-25,11418
comuna 13,20,2024-06-25,37960
comuna 7,13,2024-06-25,28088
comuna 7,10,2024-01-30,16589
comuna 15,80,2024-01-30,40287
comuna 6,26,2024-01-30,39670
comuna 7,24,2024-01-30,31899
comuna 9,74,2024-01-30,17372
comuna 6,90,2024-06-23,37971
comuna 10,16,2024-07-31,22201
comuna 11,49,2024-01-30,42037
comuna 5,56,2024-06-23,35741
comuna 1,39,2024-07-31,1206
comuna 10,15,2024-01-30,21338
comuna 10,18,2024-06-25,33112
comuna 16,69,2024-06-25,45942
comuna 11,55,2024-07-31,49490
comuna 8,79,2024-01-30,917
comuna 9,70,2024-06-23,35711
comuna 14,70,2024-06-23,16466
comuna 12,54,2024-06-25,46464
comuna 6,51,2024-06-25,28206
comuna 9,42,2024-07-31,30238
comuna 11,71,2024-07-31,14655
comuna 7,70,2024-06-25,25604
comuna 16,21,2024-07-31,36306
comuna 10,79,2024-07-31,10155
comuna 7,52,2024-07-31,18500
comuna 3,42,2024-06-25,15429
comuna 15,68,2024-06-23,17672
comuna 2,96,2024-06-25,25960
comuna 1,31,2024-01-30,34203
comuna 9,73,2024-06-25,34912
comuna 4,42,2024-07-31,33556
comuna 9,44,2024-06-23,37818
comuna 10,64,2024-06-23,36693
comuna 3,87,2024-01-30,41489
comuna 13,52,2024-06-23,2616
comuna 13,92,2024-06-25,16749
comuna 8,43,2024-07-31,47114
comuna 12,56,2024-06-25,30003
comuna 9,15,2024-06-25,29145
comuna 15,75,2024-06-25,43421
comuna 8,35,2024-06-25,15054
comuna 9,12,2024-07-31,22672
comuna 1,97,2024-06-23,20152
comuna 12,86,2024-06-25,17523
comuna 8,15,2024-07-31,19020
comuna 10,20,2024-07-31,13345
comuna 5,50,2024-01-30,41897
comuna 4,28,2024-06-23,27999
comuna 12,96,2024-06-23,2348
comuna 3,97,2024-06-25,43778
comuna 4,35,2024-06-23,16638
comuna 13,61,2024-01-30,39432
comuna 9,54,2024-01-30,4517
comuna 1,100,2024-06-23,9931
comuna 6,44,2024-06-25,24254
comuna 14,63,2024-07-31,22107
comuna 15,76,2024-06-25,16545
comuna 5,76,2024-07-31,14304
comuna 10,61,2024-06-23,18901
comuna 7,88,2024-01-30,21017
comuna 9,95,2024-06-23,11201
comuna 8,14,2024-06-25,23273
comuna 12,12,2024-06-23,12158
comuna 8,88,2024-06-23,12453
comuna 14,70,2024-06-25,12728
comuna 12,69,2024-06-23,33578
comuna 3,56,2024-06-23,23827
comuna 13,50,2024-01-30,35060
comuna 16,11,2024-07-31,37849
comuna 11,37,2024-07-31,3736
comuna 1,86,2024-06-25,31719
comuna 10,67,2024-06-25,42364
comuna 6,25,2024-06-23,15269
comuna 11,32,2024-01-30,4804
comuna 3,68,2024-01-30,16587
comuna 5,99,2024-07-31,28396
comuna 3,12,2024-06-23,47470
comuna 11,42,2024-06-25,13237
comuna 15,28,2024-01-30,11806
comuna 12,28,2024-01-30,22534
comuna 12,40,2024-06-23,7362
comuna 5,65,2024-07-31,38743
comuna 6,73,2024-06-25,1696
comuna 9,23,2024-06-25,28282
comuna 14,44,2024-06-25,42748
comuna 1,36,2024-06-23,10364
comuna 15,86,2024-01-30,42366
comuna 16,26,2024-07-31,7403
comuna 5,81,2024-07-31,29364
comuna 13,61,2024-01-30,450
comuna 4,37,2024-07-31,26997
comuna 1,72,2024-06-23,27731
comuna 1,89,2024-06-23,29720
comuna 9,86,2024-01-30,32193
comuna 13,41,2024-06-25,5492
comuna 10,11,2024-01-30,41584
comuna 12,65,2024-06-25,14627
comuna 9,41,2024-01-30,3518
comuna 1,19,2024-01-30,11437
comuna 2,37,2024-07-31,48447
comuna 2,40,2024-06-25,20396
comuna 7,69,2024-01-30,33480
comuna 11,93,2024-01-30,9275
comuna 11,30,2024-01-30,37520
comuna 12,27,2024-06-25,23322
comuna 4,58,2024-06-25,46469
comuna 7,11,2024-06-25,6389
comuna 16,29,2024-07-31,29027
comuna 4,79,2024-06-23,15808
comuna 12,49,2024-06-25,8288
comuna 7,84,2024-01-30,39499
comuna 12,18,2024-01-30,44738
comuna 3,73,2024-06-23,9678
comuna 6,85,2024-06-25,36051
comuna 7,44,2024-06-23,8688
comuna 9,40,2024-01-30,19084
comuna 16,55,2024-01-30,29163
comuna 7,45,2024-06-25,11708
comuna 9,48,2024-06-23,46949
comuna 5,58,2024-01-30,28444
comuna 1,82,2024-06-25,7593
comuna 9,75,2024-07-31,10761
comuna 16,34,2024-01-30,8596
comuna 4,40,2024-07-31,25557
comuna 7,13,2024-01-30,24198
comuna 7,88,2024-07-31,48800
comuna 3,69,2024-07-31,6414
comuna 4,36,2024-07-31,30440
comuna 13,70,2024-06-23,17199
comuna 13,98,2024-06-23,11122
comuna 11,62,2024-07-31,766
comuna 3,10,2024-06-23,10075
comuna 8,77,2024-01-30,13240
comuna 5,19,2024-01-30,25587
comuna 9,72,2024-01-30,9240
comuna 8,51,2024-01-30,45280
comuna 10,48,2024-06-23,28107
comuna 13,61,2024-07-31,28762
comuna 11,62,2024-06-23,30910
comuna 7,37,2024-07-31,12982
comuna 4,95,2024-07-31,45045
comuna 5,14,2024-07-31,21257
comuna 10,73,2024-01-30,16979
comuna 13,85,2024-01-30,8356
comuna 5,88,2024-01-30,28862
comuna 2,57,2024-07-31,39077
comuna 12,29,2024-06-23,31183
comuna 6,55,2024-07-31,30135
comuna 9,13,2024-01-30,46046
comuna 10,99,2024-07-31,42387
comuna 5,62,2024-06-25,32474
comuna 11,62,2024-07-31,13489
comuna 6,34,2024-06-23,32302
comuna 12,93,2024-07-31,41414
comuna 6,50,2024-01-30,28774
comuna 13,66,2024-06-23,47686
comuna 3,50,2024-01-30,23504
comuna 8,69,2024-01-30,4147
comuna 13,82,2024-06-23,23119
comuna 5,63,2024-07-31,36181
comuna 5,81,2024-07-31,26818
comuna 10,33,2024-06-25,33981
comuna 6,75,2024-01-30,34357
comuna 2,87,2024-01-30,25353
comuna 2,11,2024-01-30,48969
comuna 7,42,2024-07-31,22342
comuna 4,34,2024-01-30,38510
comuna 1,39,2024-06-25,9934
comuna 13,33,2024-01-30,49491
comuna 15,47,2024-01-30,33031
comuna 15,74,2024-07-31,29514
comuna 1,95,2024-07-31,47269
comuna 6,24,2024-06-25,65
comuna 16,68,2024-06-23,27103
comuna 9,78,2024-06-23,4347
comuna 10,35,2024-06-23,9003
comuna 7,55,2024-07-31,44588
comuna 12,47,2024-01-30,24380
comuna 16,63,2024-06-23,37821
comuna 12,93,2024-01-30,25899
comuna 1,41,2024-06-25,290
comuna 9,49,2024-06-25,34250
comuna 8,32,2024-06-25,9548
comuna 5,19,2024-06-25,14440
comuna 14,82,2024-06-23,4931
comuna 10,66,2024-06-23,37216
comuna 8,52,2024-07-31,15396
comuna 1,54,2024-07-31,34631
comuna 12,86,2024-01-30,33915
comuna 6,58,2024-01-30,46601
comuna 12,18,2024-06-25,6429
comuna 5,69,2024-06-23,45923
comuna 3,32,2024-06-23,36648
comuna 3,65,2024-06-23,48716
comuna 12,47,2024-06-23,48040
comuna 14,91,2024-06-25,974
comuna 3,74,2024-06-25,3394
comuna 5,100,2024-07-31,33880
comuna 1,13,2024-07-31,28644
comuna 7,60,2024-07-31,7615
comuna 5,13,2024-06-25,46497
comuna 16,47,2024-01-30,24766
comuna 1,70,2024-07-31,30500
comuna 14,32,2024-01-30,24857
comuna 2,62,2024-07-31,40688
comuna 1,78,2024-01-30,13753
comuna 2,40,2024-07-31,39795
comuna 12,59,2024-06-25,37103
comuna 11,10,2024-07-31,10186
comuna 2,99,2024-06-23,23748
comuna 5,85,2024-07-31,10794
comuna 12,20,2024-06-23,5526
comuna 11,70,2024-07-31,48999
comuna 8,86,2024-06-23,14701
comuna 8,30,2024-01-30,7459
comuna 11,39,2024-07-31,34995
comuna 6,66,2024-06-23,45305
comuna 1,75,2024-06-25,23262
comuna 9,31,2024-06-25,38619
comuna 7,15,2024-06-25,13459
comuna 9,85,2024-06-25,16630
comuna 15,65,2024-07-31,42221
comuna 11,19,2024-01-30,36944
comuna 2,62,2024-06-25,41734
comuna 3,58,2024-07-31,4225
comuna 9,14,2024-06-23,13228
comuna 5,70,2024-01-30,15659
comuna 12,55,2024-07-31,37082
comuna 5,64,2024-06-23,18622
comuna 14,71,2024-06-23,33998
comuna 1,63,2024-07-31,33618
comuna 5,97,2024-07-31,34607
comuna 8,36,2024-07-31,13179
comuna 16,37,2024-01-30,25706
comuna 2,43,2024-06-23,45781
comuna 3,70,2024-06-25,39596
comuna 7,14,2024-01-30,728
comuna 15,36,2024-01-30,24236
comuna 10,80,2024-01-30,3079
comuna 5,51,2024-06-25,48690
comuna 7,52,2024-06-23,33812
comuna 5,83,2024-01-30,18170
comuna 1,84,2024-06-23,42800
comuna 10,61,2024-06-25,513
comuna 1,36,2024-06-25,28059
comuna 5,14,2024-07-31,29241
comuna 9,72,2024-06-25,34765
comuna 11,85,2024-06-25,40968
comuna 3,73,2024-07-31,3171
comuna 15,82,2024-06-23,26339
comuna 11,86,2024-06-25,20772
comuna 2,76,2024-01-30,8874
comuna 2,57,2024-07-31,27957
comuna 14,73,2024-01-30,11533
comuna 16,79,2024-06-23,29188
comuna 4,14,2024-01-30,41301
comuna 16,68,2024-06-25,36303
comuna 7,17,2024-06-25,47835
comuna 8,41,2024-06-25,10857
comuna 6,39,2024-06-25,32529
comuna 10,90,2024-06-25,43908
comuna 4,36,2024-06-23,21882
comuna 5,83,2024-06-25,29100
comuna 4,61,2024-07-31,6983
comuna 1,69,2024-01-30,15807
comuna 2,57,2024-06-25,12476
comuna 9,37,2024-06-23,23433
comuna 14,44,2024-01-30,34799
comuna 16,90,2024-07-31,32196
comuna 1,14,2024-07-31,44229
comuna 2,25,2024-06-23,42587
comuna 9,23,2024-01-30,46675
comuna 13,24,2024-06-23,23085
comuna 9,37,2024-06-25,46102
comuna 15,99,2024-01-30,16504
comuna 2,18,2024-01-30,13734
comuna 5,16,2024-07-31,29697
comuna 7,63,2024-01-30,9598
comuna 5,99,2024-01-30,14143
comuna 10,84,2024-06-23,22922
comuna 8,99,2024-06-23,27754
comuna 3,10,2024-07-31,1998
comuna 3,16,2024-06-23,21463
comuna 16,85,2024-06-25,2907
comuna 10,94,2024-06-23,41731
comuna 8,26,2024-06-23,35714
comuna 15,48,2024-07-31,4251
comuna 15,71,2024-07-31,12281
comuna 10,95,2024-07-31,4332
comuna 12,29,2024-06-25,30269
comuna 8,44,2024-06-23,41441
comuna 7,35,2024-07-31,21555
comuna 15,42,2024-06-23,12324
comuna 7,56,2024-06-25,39636
comuna 6,100,2024-07-31,31757
comuna 5,66,2024-01-30,41819
comuna 8,40,2024-06-25,6723
comuna 16,59,2024-06-25,21237
comuna 16,82,2024-01-30,41864
comuna 8,77,2024-06-23,46037
comuna 11,72,2024-06-25,9754
comuna 7,80,2024-06-25,17317
comuna 12,76,2024-06-25,41465
comuna 5,73,2024-01-30,40095
comuna 14,82,2024-06-25,21394
comuna 4,26,2024-01-30,21115
comuna 11,58,2024-06-23,31665
comuna 16,10,2024-07-31,828
comuna 11,11,2024-06-25,8195
comuna 8,33,2024-06-23,48501
comuna 1,78,2024-07-31,2074
comuna 5,28,2024-07-31,26373
comuna 12,21,2024-01-30,5627
comuna 2,72,2024-06-25,35341
comuna 2,55,2024-06-23,9229
comuna 16,24,2024-06-23,24056
comuna 2,27,2024-07-31,1464
comuna 16,45,2024-06-23,36231
comuna 15,97,2024-01-30,6431
comuna 2,77,2024-06-25,17431
comuna 5,22,2024-06-23,45297
comuna 3,64,2024-06-25,42369
comuna 9,51,2024-06-23,12522
comuna 15,43,2024-06-25,9969
comuna 9,46,2024-06-23,13705
comuna 8,20,2024-07-31,3674
comuna 15,60,2024-01-30,41604
comuna 13,23,2024-01-30,1298
comuna 10,71,2024-07-31,1650
comuna 2,52,2024-01-30,3064
comuna 9,68,2024-06-23,3726
comuna 4,26,2024-01-30,38641
comuna 14,41,2024-06-25,13422
comuna 7,100,2024-07-31,42034
comuna 8,82,2024-01-30,18720
comuna 9,46,2024-06-23,28237
comuna 15,48,2024-06-23,24413
comuna 10,46,2024-06-25,13266
comuna 8,97,2024-07-31,48030
comuna 7,26,2024-01-30,18493
comuna 5,15,2024-06-25,2973
comuna 7,26,2024-06-25,21838
comuna 10,67,2024-06-25,41160
comuna 15,71,2024-06-23,43606
comuna 1,62,2024-01-30,47633
comuna 11,15,2024-06-25,33162
comuna 11,31,2024-06-25,27373
comuna 16,42,2024-06-25,23718
comuna 9,74,2024-07-31,36645
comuna 3,59,2024-01-30,34038
comuna 4,69,2024-01-30,21687
comuna 6,74,2024-01-30,29451
comuna 8,76,2024-06-25,33486
comuna 7,30,2024-07-31,4511
comuna 13,65,2024-01-30,41003
comuna 2,15,2024-07-31,23708
comuna 13,24,2024-06-23,11322
comuna 1,23,2024-01-30,4284
comuna 2,69,2024-07-31,7148
comuna 16,86,2024-01-30,22470
comuna 11,66,2024-06-25,9678
comuna 10,85,2024-06-23,24540
comuna 3,73,2024-06-23,38923
comuna 3,43,2024-07-31,38064
comuna 12,39,2024-06-25,46920
comuna 10,63,2024-06-25,45121
comuna 1,66,2024-01-30,6517
comuna 1,17,2024-06-23,3668
comuna 4,68,2024-06-25,22517
comuna 15,64,2024-07-31,6978
comuna 5,33,2024-06-23,30915
comuna 2,33,2024-07-31,19061
comuna 5,94,2024-07-31,48851
comuna 13,58,2024-01-30,18749
comuna 9,25,2024-06-25,49047
comuna 4,60,2024-06-25,13499
comuna 14,57,2024-01-30,20586
comuna 16,81,2024-07-31,31107
comuna 2,10,2024-06-25,34649
comuna 16,53,2024-01-30,41430
comuna 13,86,2024-01-30,17095
comuna 4,72,2024-07-31,45905
comuna 9,73,2024-06-23,25148
comuna 13,79,2024-07-31,6132
comuna 9,67,2024-07-31,23548
comuna 1,59,2024-06-25,27325
comuna 6,51,2024-07-31,21534
comuna 12,75,2024-01-30,39271
comuna 2,12,2024-06-25,30509
comuna 14,54,2024-06-23,1269
comuna 6,32,2024-01-30,7245
comuna 1,18,2024-06-23,233
comuna 10,41,2024-06-23,30360
comuna 9,18,2024-06-23,46875
comuna 14,87,2024-01-30,32810
comuna 3,62,2024-06-25,18343
comuna 8,71,2024-06-25,7802
comuna 11,80,2024-06-25,1326
comuna 8,49,2024-06-25,23258
comuna 2,29,2024-06-23,36482
comuna 11,99,2024-06-23,47531
comuna 9,77,2024-01-30,42324
comuna 7,93,2024-06-25,40811
comuna 1,25,2024-07-31,9908
comuna 13,60,2024-06-23,37088
comuna 7,13,2024-06-23,43265
comuna 6,41,2024-01-30,34590
comuna 13,78,2024-01-30,19531
comuna 2,62,2024-06-23,32567
comuna 14,96,2024-07-31,40472
comuna 3,67,2024-07-31,15886
comuna 2,48,2024-07-31,41481
comuna 11,34,2024-01-30,10355
comuna 5,25,2024-07-31,24729
comuna 14,30,2024-06-23,10430
comuna 14,68,2024-01-30,14554
comuna 16,15,2024-07-31,35072
comuna 4,96,2024-01-30,14048
comuna 2,31,2024-06-25,26914
comuna 11,98,2024-06-25,34236
comuna 8,51,2024-06-23,25324
comuna 8,52,2024-01-30,32899
comuna 13,26,2024-01-30,45332
comuna 15,89,2024-07-31,8701
comuna 10,56,2024-07-31,36215
comuna 12,29,2024-06-23,24455
comuna 15,31,2024-06-25,24494
comuna 4,97,2024-06-25,35950
comuna 3,61,2024-07-31,39947
comuna 10,37,2024-01-30,10137
comuna 5,93,2024-07-31,10789
comuna 12,82,2024-06-23,43667
comuna 5,60,2024-07-31,45048
comuna 14,60,2024-06-25,21111
comuna 15,71,2024-01-30,44011
comuna 3,76,2024-06-25,45011
comuna 9,88,2024-06-25,40753
comuna 7,68,2024-07-31,20296
comuna 11,35,2024-07-31,41163
comuna 7,10,2024-01-30,25701
comuna 7,30,2024-06-25,23917
comuna 14,13,2024-06-23,34696
comuna 14,82,2024-01-30,48311
comuna 2,74,2024-01-30,38853
comuna 14,61,2024-06-25,29215
comuna 4,10,2024-07-31,19005
comuna 10,99,2024-06-25,15246
comuna 15,100,2024-01-30,11970
comuna 12,55,2024-06-23,24872
comuna 9,99,2024-06-23,1066
comuna 7,71,2024-06-25,40871
comuna 10,51,2024-06-23,671
comuna 1,45,2024-06-25,1505
comuna 7,75,2024-01-30,26799
comuna 11,79,2024-01-30,48767
comuna 14,69,2024-06-25,20811
comuna 15,88,2024-06-23,4698
comuna 1,50,2024-01-30,37450
comuna 4,89,2024-06-25,42332
comuna 15,90,2024-06-23,37642
comuna 6,15,2024-06-25,9883
comuna 10,79,2024-06-25,29505
comuna 14,67,2024-06-23,38306
comuna 1,59,2024-07-31,29035
comuna 13,96,2024-07-31,34434
comuna 13,53,2024-06-25,19745
comuna 2,19,2024-01-30,16881
comuna 11,63,2024-07-31,34208
comuna 3,25,2024-06-25,45710
comuna 16,51,2024-06-25,3628
comuna 4,82,2024-01-30,7263
comuna 11,25,2024-07-31,18618
comuna 7,21,2024-06-25,23034
comuna 14,90,2024-06-25,16812
comuna 8,27,2024-01-30,36066
comuna 4,37,2024-06-23,17363
comuna 10,41,2024-06-25,13250
comuna 9,87,2024-06-25,13103
comuna 2,61,2024-07-31,10626
comuna 2,95,2024-07-31,45665
comuna 16,22,2024-01-30,1305
comuna 2,73,2024-01-30,17361
comuna 5,41,2024-06-25,6947
comuna 10,39,2024-07-31,12361
comuna 2,45,2024-07-31,48071
comuna 8,32,2024-06-25,32933
comuna 7,38,2024-06-23,37434
comuna 16,47,2024-07-31,48658
comuna 11,52,2024-06-25,24533
comuna 5,15,2024-07-31,11034
comuna 6,32,2024-06-25,45508
comuna 15,50,2024-07-31,31033
comuna 1,55,2024-06-23,4863
comuna 5,56,2024-06-25,39665
comuna 9,35,2024-01-30,34168
comuna 5,42,2024-01-30,28481
comuna 6,96,2024-01-30,40951
comuna 2,76,2024-06-23,3862
comuna 4,31,2024-07-31,24802
comuna 2,52,2024-06-23,66
comuna 15,53,2024-06-25,1414
comuna 16,95,2024-01-30,9548
comuna 14,20,2024-07-31,5376
comuna 15,85,2024-06-25,42633
comuna 11,10,2024-06-25,47333
comuna 8,65,2024-01-30,24984
comuna 6,49,2024-06-23,36602
comuna 11,87,2024-07-31,41559
comuna 11,39,2024-06-25,30955
comuna 15,84,2024-06-25,2680
comuna 13,78,2024-07-31,24107
comuna 4,75,2024-06-23,45534
comuna 6,29,2024-06-23,37299
comuna 2,20,2024-07-31,9687
comuna 8,69,2024-06-25,49434
comuna 16,13,2024-06-25,8401
comuna 16,92,2024-06-25,27243
comuna 13,59,2024-01-30,36200
comuna 3,28,2024-01-30,33312
comuna 2,88,2024-06-23,30651
comuna 13,99,2024-06-25,39611
comuna 4,64,2024-06-25,45060
comuna 11,72,2024-07-31,33787
comuna 8,82,2024-06-25,38376
comuna 16,20,2024-06-23,9741
comuna 11,51,2024-01-30,167
comuna 6,42,2024-06-25,43767
comuna 15,96,2024-07-31,23054
comuna 14,54,2024-06-25,22958
comuna 14,31,2024-07-31,33529
comuna 11,19,2024-07-31,25305
comuna 2,71,2024-07-31,35111
comuna 11,70,2024-06-23,44365
comuna 11,50,2024-06-25,38442
comuna 5,87,2024-07-31,18402
comuna 14,23,2024-07-31,4452
comuna 8,23,2024-01-30,20909
comuna 1,31,2024-07-31,34914
comuna 14,15,2024-07-31,45342
comuna 14,13,2024-06-23,16833
comuna 11,79,2024-06-23,45906
comuna 9,43,2024-06-25,49947
comuna 5,71,2024-07-31,30611
comuna 16,21,2024-06-25,5070
comuna 12,76,2024-06-23,32934
comuna 16,58,2024-06-23,821
comuna 1,86,2024-01-30,3236
comuna 14,61,2024-06-25,23877
comuna 7,50,2024-01-30,34139
comuna 14,23,2024-07-31,3427
comuna 6,26,2024-06-23,46760
comuna 16,17,2024-01-30,21850
comuna 2,59,2024-01-30,5209
comuna 7,53,2024-06-23,21519
comuna 4,47,2024-06-25,28372
comuna 9,19,2024-01-30,865
comuna 1,28,2024-01-30,5254
comuna 11,25,2024-06-25,9254
comuna 1,75,2024-06-23,34383
comuna 12,11,2024-06-23,22783
comuna 16,20,2024-07-31,20207
comuna 16,56,2024-06-23,13266
comuna 5,27,2024-01-30,40132
comuna 9,36,2024-06-23,110
comuna 10,85,2024-07-31,23532
comuna 2,23,2024-06-25,10751
comuna 10,41,2024-06-23,41957
comuna 11,92,2024-06-23,19456
comuna 3,59,2024-07-31,35138
comuna 15,56,2024-06-25,16702
comuna 10,25,2024-06-23,36758
comuna 15,13,2024-06-25,36366
comuna 15,37,2024-06-25,5087
comuna 12,80,2024-01-30,49176
comuna 5,86,2024-06-25,7578
comuna 1,72,2024-07-31,27365
comuna 12,31,2024-07-31,16876
comuna 16,32,2024-06-23,48635
comuna 3,38,2024-06-25,47784
comuna 1,21,2024-06-23,9768
comuna 9,65,2024-01-30,48859
comuna 14,98,2024-06-25,19307
comuna 6,97,2024-06-23,33458
comuna 13,95,2024-07-31,38745
comuna 14,58,2024-01-30,45504
comuna 10,55,2024-07-31,2773
comuna 11,13,2024-07-31,24227
comuna 6,39,2024-06-23,8458
comuna 16,33,2024-06-23,21162
comuna 11,45,2024-06-23,10979
comuna 5,21,2024-01-30,33368
comuna 3,38,2024-07-31,5818
comuna 7,83,2024-06-23,45645
comuna 4,86,2024-07-31,38664
comuna 6,44,2024-06-23,21253
comuna 16,59,2024-01-30,1304
comuna 5,77,2024-07-31,26792
comuna 3,86,2024-06-25,9686
comuna 16,84,2024-01-30,35116
comuna 13,64,2024-01-30,9774
comuna 11,29,2024-06-23,11900
comuna 9,33,2024-01-30,12640
comuna 12,23,2024-01-30,37622
comuna 10,89,2024-01-30,38796
comuna 11,81,2024-07-31,13476
comuna 8,76,2024-07-31,33683
comuna 12,56,2024-06-23,4666
comuna 12,25,2024-06-25,30960
comuna 15,22,2024-06-23,45751
comuna 12,34,2024-06-25,26412
comuna 1,78,2024-07-31,48998
comuna 14,12,2024-01-30,30506
comuna 13,85,2024-06-25,25422
comuna 9,44,2024-07-31,20960
comuna 12,62,2024-06-25,38188
comuna 7,76,2024-01-30,257
comuna 7,37,2024-06-23,26797
comuna 12,99,2024-06-25,5089
comuna 2,36,2024-06-23,38387
comuna 12,17,2024-06-23,9357
comuna 7,64,2024-06-25,24750
comuna 11,41,2024-07-31,28913
comuna 8,40,2024-01-30,39327
comuna 12,90,2024-07-31,724
comuna 7,10,2024-07-31,10794
comuna 14,11,2024-07-31,20508
comuna 14,49,2024-06-25,21859
comuna 3,70,2024-06-23,35089
comuna 8,34,2024-07-31,9477
comuna 6,41,2024-01-30,12834
comuna 12,66,2024-07-31,6077
comuna 16,49,2024-01-30,25362
comuna 6,20,2024-07-31,49695
comuna 6,59,2024-06-23,296
comuna 4,82,2024-06-25,30592
comuna 9,65,2024-06-25,29595
comuna 16,53,2024-07-31,1433
comuna 13,89,2024-06-23,42812
comuna 1,61,2024-06-25,5091
comuna 10,70,2024-06-25,13498
comuna 7,14,2024-01-30,11734
comuna 1,82,2024-07-31,19544
comuna 4,36,2024-06-23,29895
comuna 7,27,2024-07-31,49364
comuna 9,24,2024-07-31,20993
comuna 3,50,2024-06-23,12739
comuna 15,82,2024-06-25,42126
comuna 15,82,2024-07-31,15353
comuna 9,79,2024-01-30,39930
comuna 15,89,2024-01-30,34211
comuna 12,50,2024-06-23,30441
comuna 15,54,2024-07-31,28317
comuna 5,81,2024-01-30,29424
comuna 8,84,2024-07-31,40834
comuna 5,79,2024-01-30,39221
comuna 2,36,2024-06-23,10167
comuna 2,80,2024-01-30,37509
comuna 15,84,2024-06-23,19126
comuna 13,54,2024-06-25,29789
comuna 4,47,2024-06-25,25743
comuna 15,11,2024-06-23,38406
comuna 9,91,2024-01-30,22728
comuna 12,97,2024-06-23,31983
comuna 6,26,2024-06-25,36739
comuna 14,15,2024-01-30,15387
comuna 11,50,2024-01-30,15373
comuna 11,61,2024-06-23,31080
comuna 2,26,2024-06-23,20459
comuna 4,92,2024-06-23,42474
comuna 6,29,2024-07-31,46637
comuna 15,59,2024-01-30,18624
comuna 7,89,2024-07-31,22073
comuna 10,65,2024-06-25,45783
comuna 9,47,2024-07-31,49054
comuna 13,31,2024-06-23,28966
comuna 3,34,2024-01-30,15321
comuna 1,22,2024-06-23,12359
comuna 5,28,2024-06-23,48246
comuna 6,85,2024-06-23,43110
comuna 3,89,2024-06-23,1911
comuna 3,68,2024-06-25,45268
comuna 1,83,2024-06-25,24527
comuna 11,68,2024-06-25,42093
comuna 10,34,2024-07-31,41503
comuna 3,75,2024-06-23,15933
comuna 6,30,2024-01-30,14758
comuna 4,95,2024-01-30,5133
comuna 9,48,2024-06-25,7316
comuna 5,69,2024-06-23,2143
comuna 9,20,2024-06-23,14783
comuna 16,76,2024-01-30,5806
comuna 15,39,2024-01-30,96
comuna 4,48,2024-06-25,29891
comuna 9,59,2024-07-31,28859
comuna 14,60,2024-06-25,1729
comuna 3,33,2024-06-23,5821
comuna 16,77,2024-07-31,45948
comuna 8,68,2024-07-31,9210
comuna 3,77,2024-01-30,20677
comuna 13,29,2024-07-31,40468
comuna 5,35,2024-01-30,47300
comuna 9,55,2024-01-30,21504
comuna 11,54,2024-01-30,48820
comuna 3,39,2024-01-30,23257
comuna 3,10,2024-01-30,31228
comuna 16,81,2024-01-30,4867
comuna 3,36,2024-07-31,10045
comuna 14,75,2024-06-25,48540
comuna 15,84,2024-01-30,9527
comuna 7,17,2024-07-31,7509
comuna 9,69,2024-06-25,2055
comuna 15,66,2024-06-23,19472
comuna 11,62,2024-01-30,45068
comuna 2,27,2024-06-23,12898
comuna 3,35,2024-01-30,21107
comuna 10,100,2024-06-25,27508
comuna 6,49,2024-01-30,11480
comuna 7,82,2024-01-30,17980
comuna 13,83,2024-06-25,26711
comuna 11,22,2024-06-25,35824
comuna 3,51,2024-06-23,6462
comuna 4,79,2024-06-25,13690
comuna 15,44,2024-06-23,26456
comuna 2,69,2024-06-23,28327
comuna 3,60,2024-06-25,27061
comuna 9,30,2024-07-31,31704
comuna 1,84,2024-01-30,34691
comuna 3,23,2024-06-25,4114
comuna 10,21,2024-07-31,34379
comuna 11,35,2024-06-25,37648
comuna 8,60,2024-06-25,7696
comuna 9,26,2024-06-23,43043
comuna 14,78,2024-06-25,47903
comuna 10,100,2024-01-30,2511
comuna 10,50,2024-06-25,46205
comuna 10,94,2024-01-30,137
comuna 6,58,2024-06-23,9013
comuna 15,91,2024-07-31,23052
comuna 3,42,2024-01-30,11119
comuna 13,77,2024-01-30,13094
comuna 10,83,2024-06-25,49301
comuna 2,40,2024-07-31,45409
comuna 9,96,2024-06-25,16101
comuna 13,59,2024-06-25,20763
comuna 16,70,2024-06-23,17894
comuna 2,35,2024-06-23,37068
comuna 10,14,2024-06-25,17565
comuna 11,79,2024-07-31,43999
comuna 15,47,2024-01-30,34087
comuna 11,80,2024-07-31,32817
comuna 15,19,2024-06-25,6171
comuna 1,89,2024-06-23,46826
comuna 5,34,2024-06-23,16413
comuna 14,78,2024-06-25,44893
comuna 5,24,2024-06-23,13078
comuna 10,43,2024-01-30,26730
comuna 7,54,2024-01-30,26662
comuna 3,31,2024-01-30,39603
comuna 13,48,2024-07-31,22294
comuna 7,59,2024-06-25,23923
comuna 4,27,2024-06-23,29950
comuna 3,75,2024-06-25,15782
comuna 15,86,2024-06-23,9168
comuna 11,84,2024-07-31,7741
comuna 9,90,2024-01-30,983
comuna 16,88,2024-01-30,7731
comuna 1,13,2024-06-25,278
comuna 15,20,2024-06-25,33158
comuna 7,91,2024-06-25,14137
comuna 12,80,2024-06-25,589
comuna 7,18,2024-07-31,19759
comuna 11,72,2024-06-23,35779
comuna 3,12,2024-06-23,1542
comuna 4,64,2024-06-23,23203
comuna 8,53,2024-01-30,16355
comuna 5,88,2024-07-31,21165
comuna 12,62,2024-06-25,26311
comuna 5,48,2024-07-31,23506
comuna 3,48,2024-06-23,16056
comuna 7,31,2024-07-31,20846
comuna 9,55,2024-01-30,38809
comuna 8,16,2024-07-31,24123
comuna 10,80,2024-07-31,42699
comuna 16,60,2024-01-30,19163
comuna 14,44,2024-06-25,312
comuna 14,87,2024-01-30,42134
comuna 13,73,2024-01-30,44302
comuna 2,96,2024-06-23,36493
comuna 1,49,2024-07-31,21550
comuna 14,24,2024-01-30,45393
comuna 9,56,2024-06-23,30665
comuna 2,49,2024-01-30,14979
comuna 2,38,2024-07-31,13732
comuna 2,18,2024-07-31,35431
comuna 2,59,2024-06-23,11233
comuna 10,25,2024-01-30,24216
comuna 7,62,2024-07-31,40032
comuna 8,16,2024-06-25,12725
comuna 14,76,2024-07-31,26037
comuna 5,43,2024-06-25,28018
comuna 10,93,2024-07-31,12921
comuna 14,39,2024-01-30,32599
comuna 14,27,2024-06-25,33798
comuna 8,47,2024-06-23,22019
comuna 1,90,2024-07-31,31919
comuna 2,45,2024-07-31,3316
comuna 2,59,2024-01-30,3856
comuna 12,85,2024-06-25,12437
comuna 11,58,2024-01-30,35990
comuna 2,19,2024-01-30,1495
comuna 7,34,2024-07-31,45920
comuna 4,40,2024-06-23,34187
comuna 1,81,2024-07-31,24553
comuna 4,31,2024-01-30,5601
comuna 2,22,2024-07-31,617
comuna 9,37,2024-01-30,30200
comuna 9,53,2024-06-25,34881
comuna 13,64,2024-06-23,45967
comuna 12,15,2024-06-25,27109
comuna 11,38,2024-01-30,19808
comuna 10,98,2024-01-30,37473
comuna 1,54,2024-06-25,33091
comuna 14,45,2024-06-25,21806
comuna 6,54,2024-07-31,23927
comuna 3,23,2024-06-25,9122
comuna 7,43,2024-01-30,20486
comuna 1,59,2024-07-31,32259
comuna 8,28,2024-01-30,9752
comuna 10,79,2024-07-31,4263
comuna 1,40,2024-06-25,10935
comuna 8,59,2024-06-23,13685
comuna 2,43,2024-06-25,1671
comuna 10,16,2024-07-31,3600
comuna 6,36,2024-01-30,16538
comuna 7,47,2024-07-31,36985
comuna 16,91,2024-06-23,9112
comuna 4,61,2024-06-25,31200
comuna 9,83,2024-07-31,12776
comuna 10,61,2024-06-23,47610
comuna 9,29,2024-06-25,18870
comuna 12,87,2024-07-31,11803
comuna 10,43,2024-06-25,9658
comuna 4,34,2024-06-23,38831
comuna 15,96,2024-06-25,40371
comuna 10,89,2024-06-23,26450
comuna 1,95,2024-06-23,954
comuna 9,14,2024-06-23,7379
comuna 2,68,2024-07-31,18621
comuna 3,75,2024-06-25,16737
comuna 11,14,2024-07-31,7415
comuna 14,27,2024-06-25,36295
comuna 15,65,2024-06-25,32562
comuna 4,32,2024-06-23,41693
comuna 14,25,2024-07-31,31317
comuna 5,11,2024-06-25,45431
comuna 2,50,2024-01-30,9938
comuna 5,82,2024-06-25,29522
comuna 3,62,2024-06-25,8496
comuna 14,23,2024-01-30,36873
comuna 16,55,2024-01-30,8672
comuna 10,76,2024-07-31,46115
comuna 12,56,2024-06-23,9542
comuna 15,67,2024-06-25,19721
comuna 11,74,2024-06-23,22756
comuna 14,95,2024-06-23,33112
comuna 9,99,2024-06-23,22192
comuna 15,92,2024-06-23,21722
comuna 13,73,2024-01-30,23679
comuna 5,26,2024-06-23,41123
comuna 8,85,2024-01-30,25946
comuna 10,42,2024-06-25,9701
comuna 11,27,2024-06-23,23491
comuna 1,32,2024-01-30,13498
comuna 12,54,2024-01-30,44072
comuna 6,45,2024-06-25,25100
comuna 16,95,2024-06-23,11103
comuna 9,99,2024-07-31,35674
comuna 10,87,2024-07-31,2404
comuna 7,22,2024-06-25,477
comuna 2,56,2024-06-25,13538
comuna 6,11,2024-01-30,28049
comuna 1,30,2024-06-25,28483
comuna 4,23,2024-06-23,3739
comuna 2,26,2024-06-25,5275
comuna 9,44,2024-06-23,910
comuna 16,36,2024-06-23,36981
comuna 2,16,2024-06-23,3094
comuna 5,32,2024-07-31,46933
comuna 6,41,2024-06-25,44015
comuna 16,75,2024-06-25,13182
comuna 12,90,2024-07-31,8537
comuna 4,74,2024-01-30,13853
comuna 7,49,2024-01-30,21539
comuna 14,37,2024-06-23,29836
comuna 15,34,2024-06-23,35034
comuna 8,43,2024-07-31,21748
comuna 7,56,2024-07-31,48797
comuna 8,25,2024-06-23,17261
comuna 12,77,2024-07-31,13739
comuna 12,66,2024-01-30,4572
comuna 11,79,2024-07-31,9543
comuna 15,64,2024-01-30,46246
comuna 6,84,2024-07-31,19280
comuna 8,99,2024-06-25,10583
comuna 14,59,2024-07-31,26878
comuna 12,88,2024-06-25,35329
comuna 13,47,2024-06-23,42152
comuna 1,76,2024-06-25,34138
comuna 7,87,2024-01-30,3408
comuna 6,69,2024-01-30,44047
comuna 10,55,2024-07-31,47177
comuna 11,56,2024-07-31,7443
comuna 10,48,2024-07-31,48585
comuna 14,94,2024-06-25,3795
comuna 4,88,2024-07-31,49301
comuna 12,90,2024-06-23,47386
comuna 1,40,2024-06-25,8215
comuna 3,68,2024-06-25,13328
comuna 9,82,2024-06-23,27072
comuna 12,41,2024-06-23,23030
comuna 7,30,2024-07-31,48057
comuna 12,89,2024-06-25,14272
comuna 15,96,2024-06-23,46867
comuna 1,37,2024-06-23,11100
comuna 14,66,2024-06-23,13065
comuna 16,99,2024-07-31,37980
comuna 10,34,2024-07-31,46507
comuna 7,41,2024-06-25,4410
comuna 5,51,2024-06-23,45247
comuna 16,73,2024-06-25,38330
comuna 1,52,2024-06-25,37653
comuna 9,97,2024-06-23,5400
comuna 16,48,2024-06-25,19703
comuna 5,65,2024-07-31,20957
comuna 13,62,2024-07-31,37253
comuna 3,60,2024-06-25,735
comuna 12,18,2024-06-25,7220
comuna 13,36,2024-06-25,38085
comuna 11,82,2024-01-30,25665
comuna 13,41,2024-06-25,44467
comuna 10,56,2024-06-23,26941
comuna 8,39,2024-06-23,7720
comuna 9,84,2024-06-25,3731
comuna 13,23,2024-06-25,28656
comuna 6,87,2024-06-25,15271
comuna 3,45,2024-06-25,32729
comuna 10,96,2024-01-30,39989
comuna 7,28,2024-06-25,39160
comuna 15,22,2024-01-30,33847
comuna 5,86,2024-06-25,5358
comuna 1,41,2024-06-25,41737
comuna 4,47,2024-06-25,15714
comuna 12,56,2024-06-25,49983
comuna 15,81,2024-06-23,23374
comuna 6,32,2024-06-25,26641
comuna 6,55,2024-06-23,17696
comuna 15,22,2024-06-23,19040
comuna 5,46,2024-06-25,5782
comuna 5,72,2024-06-25,28087
comuna 13,56,2024-01-30,33276
comuna 16,30,2024-01-30,21642
comuna 1,21,2024-06-23,38939
comuna 13,89,2024-01-30,35814
comuna 12,84,2024-01-30,48930
comuna 1,49,2024-07-31,31784
comuna 1,37,2024-07-31,33186
comuna 13,72,2024-07-31,33430
comuna 2,58,2024-07-31,13443
comuna 4,60,2024-06-25,37961
comuna 6,97,2024-07-31,19489
comuna 10,29,2024-01-30,25467
comuna 13,44,2024-06-25,41817
comuna 14,71,2024-06-23,12157
comuna 10,72,2024-06-25,24434
comuna 12,70,2024-06-23,8638
comuna 7,89,2024-01-30,14397
comuna 5,40,2024-01-30,24313
comuna 16,12,2024-01-30,44607
comuna 2,36,2024-07-31,31296
comuna 13,90,2024-06-25,7140
comuna 16,33,2024-07-31,47006
comuna 7,71,2024-07-31,31537
comuna 2,23,2024-07-31,30681
comuna 4,18,2024-01-30,15493
comuna 12,96,2024-01-30,40952
comuna 13,74,2024-06-23,31241
comuna 10,71,2024-06-25,30725
comuna 6,65,2024-07-31,35221
comuna 10,44,2024-06-25,39926
comuna 16,13,2024-07-31,20062
comuna 3,24,2024-06-25,24605
comuna 11,95,2024-06-25,18111
comuna 3,65,2024-06-23,46814
comuna 9,33,2024-07-31,11565
comuna 13,59,2024-07-31,12377
comuna 1,85,2024-06-25,13821
comuna 6,20,2024-06-23,21845
comuna 3,33,2024-01-30,49987
comuna 11,60,2024-06-23,5758
comuna 8,83,2024-06-25,21565
comuna 13,18,2024-07-31,5259
comuna 1,64,2024-01-30,47918
comuna 13,41,2024-01-30,36138
comuna 13,81,2024-07-31,1515
comuna 5,57,2024-06-23,44928
comuna 13,83,2024-06-25,23998
comuna 5,82,2024-06-25,18370
comuna 13,71,2024-06-23,7971
comuna 3,20,2024-01-30,47371
comuna 15,54,2024-07-31,3405
comuna 15,53,2024-01-30,19308
comuna 4,78,2024-07-31,48205
comuna 6,17,2024-07-31,34039
comuna 6,38,2024-01-30,10081
comuna 8,45,2024-07-31,4591
comuna 1,64,2024-01-30,1726
comuna 8,37,2024-07-31,24635
comuna 8,79,2024-07-31,32887
comuna 8,43,2024-06-25,9516
comuna 7,54,2024-01-30,16716
comuna 11,24,2024-06-25,15059
comuna 7,84,2024-07-31,14298
comuna 4,11,2024-06-25,13083
comuna 2,38,2024-07-31,33651
comuna 16,58,2024-06-25,5695
comuna 12,30,2024-06-25,45832
comuna 14,36,2024-01-30,25552
comuna 16,41,2024-06-23,4356
comuna 4,84,2024-01-30,29951
comuna 6,78,2024-01-30,35343
comuna 10,94,2024-07-31,11058
comuna 4,96,2024-06-25,45382
comuna 15,17,2024-07-31,8445
comuna 15,77,2024-07-31,18168
comuna 13,85,2024-07-31,43372
comuna 8,54,2024-01-30,46322
comuna 11,43,2024-06-25,8541
comuna 6,37,2024-07-31,33177
comuna 12,81,2024-06-23,25782
comuna 14,87,2024-07-31,47749
comuna 3,98,2024-06-25,36313
comuna 13,50,2024-06-25,11761
comuna 13,48,2024-06-25,22594
comuna 5,72,2024-07-31,3935
comuna 2,18,2024-06-23,26579
comuna 10,27,2024-07-31,45401
comuna 10,32,2024-01-30,43242
comuna 9,10,2024-07-31,36140
comuna 6,45,2024-01-30,15453
comuna 13,67,2024-06-25,26978
comuna 5,16,2024-06-25,26064
comuna 14,27,2024-07-31,4886
comuna 15,35,2024-06-23,1862
comuna 15,68,2024-06-25,24128
comuna 8,63,2024-06-23,23525
comuna 7,78,2024-06-23,42226
comuna 14,57,2024-07-31,49185
comuna 15,61,2024-06-23,6954
comuna 1,66,2024-06-25,9347
comuna 4,32,2024-06-23,25058
comuna 15,46,2024-01-30,18963
comuna 7,85,2024-01-30,32209
comuna 15,47,2024-07-31,6243
comuna 8,84,2024-01-30,22628
comuna 8,94,2024-06-25,4207
comuna 11,82,2024-06-25,40952
comuna 7,51,2024-06-23,41239
comuna 4,87,2024-06-23,35841
comuna 12,33,2024-07-31,47511
comuna 7,18,2024-06-25,23819
comuna 4,72,2024-07-31,35175
comuna 11,100,2024-06-25,25576
comuna 1,72,2024-01-30,10455
comuna 4,72,2024-06-25,48789
comuna 5,82,2024-06-23,13027
comuna 6,79,2024-01-30,20916
comuna 4,18,2024-07-31,1372
comuna 15,44,2024-01-30,16011
comuna 1,20,2024-01-30,26033
comuna 1,81,2024-06-23,47306
comuna 11,70,2024-01-30,41567
comuna 14,84,2024-07-31,36681
comuna 12,22,2024-07-31,13973
comuna 12,21,2024-06-23,29014
comuna 2,35,2024-07-31,16578
comuna 11,55,2024-07-31,48346
comuna 16,96,2024-06-23,29984
comuna 12,23,2024-06-25,167
comuna 2,40,2024-07-31,30567
comuna 1,15,2024-06-23,18629
comuna 15,66,2024-07-31,7509
comuna 5,95,2024-01-30,45797
comuna 7,88,2024-01-30,29475
comuna 5,47,2024-06-23,24275
comuna 12,29,2024-06-23,47855
comuna 3,42,2024-06-23,7840
comuna 11,38,2024-06-25,20008
comuna 16,23,2024-07-31,41004
comuna 16,18,2024-06-25,49112
comuna 3,80,2024-07-31,7075
comuna 2,32,2024-06-23,41420
comuna 14,32,2024-07-31,13318
comuna 5,17,2024-01-30,27030
comuna 6,76,2024-06-25,10551
comuna 1,78,2024-01-30,18194
comuna 14,28,2024-06-23,19709
comuna 7,47,2024-01-30,22050
comuna 4,49,2024-06-23,15054
comuna 12,56,2024-06-25,34192
comuna 6,49,2024-01-30,28549
comuna 16,48,2024-06-23,16351
comuna 9,41,2024-07-31,20678
comuna 1,43,2024-07-31,4572
comuna 7,10,2024-06-23,44440
comuna 14,95,2024-06-25,15410
comuna 6,93,2024-07-31,13128
comuna 5,35,2024-01-30,8677
comuna 14,46,2024-01-30,40459
comuna 2,56,2024-06-23,23244
comuna 3,35,2024-01-30,34099
comuna 7,93,2024-06-25,17511
comuna 16,74,2024-06-25,24918
comuna 7,45,2024-06-25,2936
comuna 1,20,2024-07-31,20725
comuna 3,58,2024-01-30,24275
comuna 4,91,2024-06-25,3228
comuna 1,76,2024-06-23,4661
comuna 11,90,2024-07-31,17807
comuna 9,34,2024-06-25,43639
comuna 11,52,2024-06-25,9931
comuna 5,53,2024-06-25,34430
comuna 2,83,2024-01-30,7256
comuna 6,10,2024-06-25,42033
comuna 7,21,2024-06-23,23125
comuna 16,92,2024-06-23,29154
comuna 15,78,2024-07-31,18376
comuna 2,71,2024-06-23,38692
comuna 11,28,2024-07-31,2367
comuna 12,100,2024-07-31,43364
comuna 11,43,2024-06-23,47213
comuna 2,30,2024-06-23,7309
comuna 12,74,2024-06-23,40562
comuna 4,25,2024-01-30,29896
comuna 16,59,2024-06-25,16469
comuna 12,50,2024-06-25,38369
comuna 12,64,2024-06-25,6245
comuna 2,23,2024-06-23,4747
comuna 5,26,2024-06-23,8550
comuna 5,87,2024-06-25,32516
comuna 11,73,2024-06-25,31023
comuna 7,42,2024-01-30,7052
comuna 2,76,2024-06-23,15644
comuna 16,14,2024-01-30,37501
comuna 8,93,2024-07-31,44583
comuna 11,60,2024-07-31,22119
comuna 16,79,2024-06-25,23456
comuna 10,16,2024-06-25,45817
comuna 5,24,2024-01-30,9062
comuna 8,34,2024-06-25,7224
comuna 8,88,2024-06-23,6819
comuna 3,21,2024-01-30,26674
comuna 8,12,2024-01-30,2211
comuna 16,22,2024-06-25,43321
comuna 4,98,2024-06-23,48322
comuna 8,51,2024-01-30,48599
comuna 16,21,2024-07-31,36627
comuna 16,60,2024-01-30,37730
comuna 5,12,2024-06-23,27440
comuna 2,82,2024-06-25,27596
comuna 8,86,2024-01-30,2522
comuna 7,52,2024-06-23,14769
comuna 12,29,2024-06-25,3356
comuna 3,61,2024-06-23,31991
comuna 6,35,2024-01-30,1500
comuna 15,67,2024-06-23,43059
comuna 7,100,2024-01-30,48091
comuna 3,61,2024-07-31,33611
comuna 15,42,2024-01-30,3818
comuna 4,19,2024-06-25,37023
comuna 5,94,2024-01-30,36372
comuna 2,14,2024-06-25,26872
comuna 16,41,2024-01-30,32355
comuna 4,66,2024-01-30,49152
comuna 7,82,2024-01-30,41244
comuna 14,36,2024-06-25,21114
comuna 16,61,2024-06-25,14335
comuna 5,100,2024-06-23,44578
comuna 8,20,2024-01-30,4937
comuna 5,76,2024-07-31,11530
comuna 6,28,2024-01-30,22324
comuna 10,34,2024-06-25,3717
comuna 8,50,2024-07-31,42553
comuna 4,65,2024-01-30,11076
comuna 2,42,2024-01-30,15156
comuna 6,31,2024-07-31,29177
comuna 2,91,2024-07-31,49065
comuna 10,33,2024-01-30,49079
comuna 12,87,2024-01-30,13500
comuna 8,14,2024-07-31,3511
comuna 5,70,2024-01-30,13617
comuna 14,59,2024-06-23,39929
comuna 3,19,2024-01-30,26666
comuna 1,93,2024-07-31,20235
comuna 7,69,2024-07-31,20414
comuna 12,43,2024-07-31,30375
comuna 8,58,2024-01-30,36410
comuna 4,58,2024-06-25,12925
comuna 5,81,2024-01-30,39176
comuna 3,27,2024-07-31,31251
comuna 1,76,2024-01-30,38366
comuna 8,70,2024-01-30,37412
comuna 13,60,2024-01-30,38364
comuna 10,94,2024-06-25,13449
comuna 14,44,2024-07-31,436
comuna 15,52,2024-06-25,30276
comuna 12,17,2024-01-30,40367
comuna 15,63,2024-01-30,39580
comuna 11,34,2024-06-25,22126
comuna 16,28,2024-01-30,24881
comuna 3,12,2024-07-31,23018
comuna 3,76,2024-01-30,17652
comuna 9,55,2024-06-25,35654
comuna 14,64,2024-07-31,16817
comuna 8,33,2024-06-23,39055
comuna 11,75,2024-06-23,10392
comuna 5,39,2024-07-31,23237
comuna 7,56,2024-06-25,10148
comuna 12,49,2024-06-23,13744
comuna 15,28,2024-06-25,47380
comuna 8,78,2024-06-25,43298
comuna 13,11,2024-06-25,47700
comuna 6,81,2024-07-31,46216
comuna 15,80,2024-06-23,30441
comuna 13,13,2024-06-23,9371
comuna 8,46,2024-07-31,19503
comuna 15,72,2024-01-30,31359
comuna 2,32,2024-07-31,27459
comuna 1,61,2024-01-30,12205
comuna 4,51,2024-01-30,16895
comuna 5,23,2024-01-30,20315
comuna 8,27,2024-06-25,32611
comuna 8,86,2024-06-23,40058
comuna 1,75,2024-01-30,7009
comuna 11,52,2024-06-23,33141
comuna 10,44,2024-01-30,22803
comuna 11,32,2024-06-25,33457
comuna 16,99,2024-07-31,20838
comuna 7,55,2024-06-25,7803
comuna 3,55,2024-06-25,28640
comuna 8,59,2024-06-25,43807
comuna 10,56,2024-06-25,41002
comuna 3,53,2024-07-31,11496
comuna 5,14,2024-06-25,30392
comuna 15,17,2024-07-31,34275
comuna 8,11,2024-06-23,13617
comuna 11,53,2024-07-31,32081
comuna 8,93,2024-06-23,28376
comuna 16,66,2024-01-30,12999
comuna 9,80,2024-07-31,31382
comuna 11,57,2024-01-30,28804
comuna 14,13,2024-06-23,42703
comuna 6,85,2024-07-31,41502
comuna 16,58,2024-01-30,2569
comuna 1,44,2024-01-30,7998
comuna 5,69,2024-01-30,4493
comuna 12,90,2024-06-23,18096
comuna 1,90,2024-06-23,26409
comuna 3,97,2024-06-25,11945
comuna 5,58,2024-01-30,39101
comuna 5,39,2024-06-25,2070
comuna 12,18,2024-01-30,42695
comuna 10,17,2024-06-23,41878
comuna 6,88,2024-06-25,4630
comuna 3,44,2024-06-25,47494
comuna 14,15,2024-06-23,37627
comuna 7,98,2024-01-30,9788
comuna 7,68,2024-01-30,30324
comuna 13,43,2024-01-30,17691
comuna 4,91,2024-07-31,34472
comuna 2,83,2024-06-25,16944
comuna 9,77,2024-07-31,35707
comuna 14,50,2024-06-25,27738
comuna 15,47,2024-06-23,37436
comuna 8,62,2024-01-30,42286
comuna 11,88,2024-06-25,33598
comuna 9,56,2024-06-25,45279
comuna 16,58,2024-01-30,20232
comuna 9,57,2024-07-31,11129
comuna 5,27,2024-06-23,5707
comuna 8,30,2024-07-31,34409
comuna 3,68,2024-01-30,14387
comuna 7,17,2024-07-31,33546
comuna 14,41,2024-01-30,1465
comuna 9,67,2024-06-23,4559
comuna 3,99,2024-07-31,40332
comuna 3,21,2024-06-25,31985
comuna 5,88,2024-06-25,4808
comuna 7,21,2024-06-23,17708
comuna 9,38,2024-06-23,32908
comuna 5,89,2024-01-30,31122
comuna 14,92,2024-06-23,29153
comuna 9,33,2024-06-23,4147
comuna 6,42,2024-01-30,48918
comuna 16,92,2024-06-25,3647
comuna 16,28,2024-01-30,46531
comuna 7,95,2024-06-23,11025
comuna 14,97,2024-01-30,36795
comuna 16,26,2024-06-23,47030
comuna 7,17,2024-01-30,39627
comuna 5,97,2024-01-30,40492
comuna 11,30,2024-06-25,42438
comuna 4,93,2024-06-23,24494
comuna 8,47,2024-06-23,45975
comuna 13,34,2024-01-30,1922
comuna 14,10,2024-01-30,47682
comuna 4,85,2024-06-25,15045
comuna 3,86,2024-01-30,606
comuna 16,88,2024-06-25,46886
comuna 10,26,2024-06-23,34824
comuna 7,77,2024-01-30,41604
comuna 10,52,2024-01-30,12788
comuna 15,19,2024-06-25,34565
comuna 4,80,2024-07-31,27205
comuna 6,24,2024-06-25,35771
comuna 7,91,2024-06-25,46512
comuna 8,49,2024-07-31,41583
comuna 5,88,2024-06-25,46592
comuna 5,15,2024-01-30,34033
comuna 6,51,2024-06-25,36110
comuna 6,27,2024-06-23,33800
comuna 11,63,2024-01-30,31908
comuna 11,72,2024-01-30,28065
comuna 10,91,2024-01-30,14307
comuna 10,84,2024-06-25,49891
comuna 11,64,2024-06-25,1087
comuna 14,12,2024-06-23,9764
comuna 7,23,2024-06-25,26669
comuna 4,15,2024-01-30,17153
comuna 12,83,2024-07-31,48354
comuna 12,84,2024-07-31,24287
comuna 8,23,2024-06-23,37892
comuna 9,52,2024-06-23,48181
comuna 9,71,2024-01-30,40626
comuna 7,79,2024-01-30,12484
comuna 14,70,2024-01-30,8556
comuna 8,40,2024-06-23,16645
comuna 4,62,2024-07-31,23967
comuna 9,90,2024-07-31,18549
comuna 12,34,2024-06-25,12931
comuna 7,75,2024-06-25,8004
comuna 4,13,2024-01-30,45230
comuna 15,95,2024-06-25,13608
comuna 3,28,2024-01-30,46371
comuna 16,91,2024-07-31,20357
comuna 16,89,2024-06-23,40084
comuna 5,97,2024-06-25,12302
comuna 14,35,2024-06-23,41495
comuna 8,79,2024-01-30,6606
comuna 12,67,2024-06-25,465
comuna 10,58,2024-07-31,13884
comuna 13,54,2024-06-25,8496
comuna 7,95,2024-06-25,31066
comuna 10,28,2024-06-23,38473
comuna 2,65,2024-07-31,13573
comuna 1,85,2024-01-30,21254
comuna 12,23,2024-06-25,36044
comuna 15,22,2024-06-25,21045
comuna 15,33,2024-06-25,5201
comuna 15,53,2024-01-30,29113
comuna 9,23,2024-06-25,40037
comuna 4,86,2024-01-30,12653
comuna 13,81,2024-06-23,4732
comuna 13,99,2024-07-31,2231
comuna 14,12,2024-07-31,47792
comuna 6,16,2024-01-30,13939
comuna 10,61,2024-07-31,43948
comuna 15,28,2024-07-31,44058
comuna 15,96,2024-07-31,16511
comuna 4,14,2024-06-23,36264
comuna 14,57,2024-07-31,8614
comuna 10,33,2024-06-25,26748
comuna 12,83,2024-01-30,41773
comuna 6,50,2024-01-30,20868
comuna 1,10,2024-07-31,27439
comuna 9,20,2024-06-25,1262
comuna 14,46,2024-07-31,20133
comuna 13,24,2024-06-23,32545
comuna 7,88,2024-06-25,15007
comuna 13,57,2024-06-25,39328
comuna 9,72,2024-07-31,28859
comuna 4,62,2024-06-25,36320
comuna 7,31,2024-01-30,37204
comuna 9,34,2024-06-25,47168
comuna 6,58,2024-01-30,25504
comuna 16,74,2024-07-31,14729
comuna 12,93,2024-07-31,21523
comuna 10,53,2024-01-30,20987
comuna 3,10,2024-06-25,31560
comuna 16,33,2024-07-31,9432
comuna 4,98,2024-06-25,34882
comuna 11,19,2024-01-30,14657
comuna 15,15,2024-01-30,26367
comuna 10,79,2024-01-30,23011
comuna 9,52,2024-06-23,26362
comuna 12,19,2024-01-30,21449
comuna 14,16,2024-06-23,28214
comuna 3,99,2024-07-31,38929
comuna 1,32,2024-01-30,46245
comuna 4,78,2024-07-31,38389
comuna 3,81,2024-06-25,19236
comuna 6,63,2024-06-25,43150
comuna 10,19,2024-01-30,47789
comuna 8,75,2024-06-25,28924
comuna 8,80,2024-01-30,23830
comuna 9,44,2024-01-30,26651
comuna 11,14,2024-01-30,43599
comuna 4,51,2024-06-25,29970
comuna 2,89,2024-06-23,42204
comuna 5,12,2024-06-25,28477
comuna 7,64,2024-06-23,3468
comuna 16,26,2024-01-30,41879
comuna 6,85,2024-07-31,40241
comuna 16,76,2024-06-25,28174
comuna 9,26,2024-06-25,46320
comuna 14,69,2024-07-31,5207
comuna 11,13,2024-07-31,47863
comuna 12,46,2024-06-23,10107
comuna 13,64,2024-06-23,3237
comuna 5,67,2024-06-25,27902
comuna 7,73,2024-06-23,43213
comuna 16,12,2024-06-25,16806
comuna 4,94,2024-06-23,12006
comuna 6,19,2024-06-25,24801
comuna 1,31,2024-07-31,15146
comuna 8,10,2024-06-25,26567
comuna 8,90,2024-01-30,47361
comuna 5,63,2024-06-23,19295
comuna 4,37,2024-06-23,7950
comuna 12,84,2024-01-30,323
comuna 16,84,2024-07-31,15220
comuna 3,73,2024-07-31,18664
comuna 10,26,2024-07-31,20290
comuna 16,87,2024-07-31,19621
comuna 15,48,2024-01-30,16482
comuna 5,70,2024-01-30,35101
comuna 14,32,2024-01-30,870
comuna 13,13,2024-06-23,10914
comuna 10,95,2024-06-23,8160
comuna 4,14,2024-07-31,34493
comuna 6,29,2024-06-25,30649
comuna 6,60,2024-07-31,48923
comuna 12,73,2024-07-31,48576
comuna 14,76,2024-06-23,24517
comuna 16,59,2024-07-31,40194
comuna 16,27,2024-01-30,45764
comuna 7,20,2024-01-30,4317
comuna 14,13,2024-01-30,48839
comuna 10,44,2024-07-31,11679
comuna 9,12,2024-06-23,37834
comuna 15,49,2024-07-31,29959
comuna 13,48,2024-01-30,20386
comuna 7,43,2024-07-31,14617
comuna 5,86,2024-07-31,10702
comuna 12,43,2024-01-30,31678
comuna 5,38,2024-06-23,39131
comuna 2,77,2024-07-31,74
comuna 9,16,2024-07-31,28918
comuna 9,48,2024-01-30,44617
comuna 12,38,2024-06-25,5949
comuna 13,20,2024-06-25,39758
comuna 9,52,2024-06-25,36163
comuna 13,46,2024-01-30,49983
comuna 9,69,2024-06-25,26576
comuna 12,31,2024-01-30,48685
comuna 7,71,2024-06-25,3648
comuna 7,71,2024-06-23,27421
comuna 12,95,2024-06-23,12678
comuna 8,91,2024-01-30,16943
comuna 4,52,2024-01-30,519
comuna 10,31,2024-06-25,17425
comuna 11,62,2024-06-25,759
comuna 5,28,2024-07-31,14128
